arleta,53.4 AQI
burbank,53.4 AQI
canoga-park,54.4 AQI
chatsworth,54.4 AQI
chatsworth-reservoir,54.4 AQI
encino,54.4 AQI
granada-hills,54.4 AQI
hansen-dam,53.4 AQI
lake-balboa,54.4 AQI
lake-view-terrace,53.4 AQI
mission-hills,54.4 AQI
north-hills,54.4 AQI
north-hollywood,53.4 AQI
northridge,54.4 AQI
pacoima,53.4 AQI
panorama-city,53.4 AQI
porter-ranch,54.4 AQI
reseda,54.4 AQI
san-fernando,53.4 AQI
sepulveda-basin,54.4 AQI
shadow-hills,53.4 AQI
sherman-oaks,53.4 AQI
studio-city,53.4 AQI
sun-valley,53.4 AQI
sylmar,53.4 AQI
tarzana,54.4 AQI
toluca-lake,53.4 AQI
universal-city,53.4 AQI
valley-glen,53.4 AQI
valley-village,53.4 AQI
van-nuys,53.4 AQI
west-hills,54.4 AQI
winnetka,54.4 AQI
woodland-hills,54.4 AQI
altadena,62.0 AQI
glendale,53.4 AQI
la-canada-flintridge,62.0 AQI
la-crescenta-montrose,62.0 AQI
pasadena,62.0 AQI
sunland,62.0 AQI
tujunga,62.0 AQI
agoura-hills,54.4 AQI
calabasas,54.4 AQI
hidden-hills,54.4 AQI
malibu,50.4 AQI
topanga,50.4 AQI
unincorporated-santa-monica-mountains,50.4 AQI
westlake-village,54.4 AQI
atwater-village,53.4 AQI
cypress-park,53.4 AQI
eagle-rock,62.0 AQI
glassell-park,53.4 AQI
highland-park,62.0 AQI
montecito-heights,53.4 AQI
mount-washington,62.0 AQI
boyle-heights,53.4 AQI
east-los-angeles,53.4 AQI
el-sereno,53.4 AQI
lincoln-heights,53.4 AQI
arlington-heights,53.4 AQI
beverly-grove,53.4 AQI
carthay,53.4 AQI
chinatown,53.4 AQI
downtown,53.4 AQI
east-hollywood,53.4 AQI
echo-park,53.4 AQI
elysian-park,53.4 AQI
elysian-valley,53.4 AQI
fairfax,53.4 AQI
griffith-park,53.4 AQI
hancock-park,53.4 AQI
harvard-heights,53.4 AQI
hollywood,53.4 AQI
hollywood-hills,53.4 AQI
hollywood-hills-west,53.4 AQI
koreatown,53.4 AQI
larchmont,53.4 AQI
los-feliz,53.4 AQI
mid-city,53.4 AQI
mid-wilshire,53.4 AQI
pico-union,53.4 AQI
silver-lake,53.4 AQI
west-hollywood,53.4 AQI
westlake,53.4 AQI
windsor-square,53.4 AQI
adams-normandie,53.4 AQI
athens,48.8 AQI
baldwin-hillscrenshaw,53.4 AQI
broadway-manchester,53.6 AQI
central-alameda,53.4 AQI
chesterfield-square,53.4 AQI
exposition-park,53.4 AQI
florence,53.6 AQI
florence-firestone,53.6 AQI
gramercy-park,48.8 AQI
green-meadows,53.6 AQI
harvard-park,53.4 AQI
historic-south-central,53.4 AQI
hyde-park,53.4 AQI
jefferson-park,53.4 AQI
leimert-park,53.4 AQI
manchester-square,48.8 AQI
south-park,53.4 AQI
university-park,53.4 AQI
vermont-knolls,48.8 AQI
vermont-slauson,48.8 AQI
vermont-square,53.4 AQI
vermont-vista,48.8 AQI
view-park-windsor-hills,53.4 AQI
watts,53.6 AQI
west-adams,53.4 AQI
westmont,48.8 AQI
willowbrook,53.6 AQI
alondra-park,48.8 AQI
del-aire,48.8 AQI
el-segundo,48.8 AQI
gardena,48.8 AQI
hawthorne,48.8 AQI
hermosa-beach,48.8 AQI
inglewood,48.8 AQI
lawndale,48.8 AQI
lennox,48.8 AQI
lomita,48.8 AQI
manhattan-beach,48.8 AQI
palos-verdes-estates,48.8 AQI
playa-del-rey,48.8 AQI
rancho-palos-verdes,48.8 AQI
redondo-beach,48.8 AQI
rolling-hills,48.8 AQI
rolling-hills-estates,48.8 AQI
torrance,48.8 AQI
westchester,48.8 AQI
bel-air,50.4 AQI
beverly-crest,50.4 AQI
beverly-hills,50.4 AQI
beverlywood,50.4 AQI
brentwood,50.4 AQI
century-city,50.4 AQI
cheviot-hills,50.4 AQI
culver-city,50.4 AQI
del-rey,50.4 AQI
ladera-heights,50.4 AQI
marina-del-rey,50.4 AQI
mar-vista,50.4 AQI
pacific-palisades,50.4 AQI
palms,50.4 AQI
pico-robertson,50.4 AQI
playa-vista,50.4 AQI
rancho-park,50.4 AQI
santa-monica,50.4 AQI
sawtelle,50.4 AQI
venice,50.4 AQI
veterans-administration,50.4 AQI
west-los-angeles,50.4 AQI
westwood,50.4 AQI
